-- ============================================
-- 獨立租借書店系統 - 自動生成的假資料
-- PostgreSQL (Supabase)
-- ============================================
-- 此檔案由 generate-seed-data.ts 自動生成
-- 執行前請確保已執行：
--   1. 001_initial_schema.sql
--   2. seed.sql (基礎資料)
-- ============================================

BEGIN;

-- ============================================
-- MEMBERSHIP_LEVEL - 會員等級資料
-- ============================================
INSERT INTO MEMBERSHIP_LEVEL (level_name, discount_rate, min_balance_required, max_book_allowed, hold_days) VALUES
('銅', 1.0, 500, 3, 7),
('銀', 0.92, 1500, 8, 14),
('金', 0.79, 3000, 15, 30)
ON CONFLICT (level_name) DO NOTHING;

-- ============================================
-- CONDITION_DISCOUNT - 書況折扣資料
-- ============================================
INSERT INTO CONDITION_DISCOUNT (book_condition, discount_factor) VALUES
('Good', 1.0),
('Fair', 0.9),
('Poor', 0.6)
ON CONFLICT (book_condition) DO NOTHING;

-- ============================================
-- FEE_TYPE - 費用類型資料
-- ============================================
INSERT INTO FEE_TYPE (type, base_amount, rate) VALUES
('renew', 10, NULL),
('overdue', 10, NULL),
('damage_good_to_fair', NULL, 0.10),
('damage_good_to_poor', NULL, 0.40),
('damage_fair_to_poor', NULL, 0.30),
('lost', NULL, 1.00)
ON CONFLICT (type) DO NOTHING;

-- ============================================
-- ADMIN - 管理員資料
-- ============================================
INSERT INTO ADMIN (name, phone, role, status) VALUES
('林靜', '0985648411', 'Clerk', 'Active'),
('洪五', '0973676826', 'Clerk', 'Active'),
('吳怡', '0936103524', 'Manager', 'Active'),
('楊欣', '0999583587', 'Manager', 'Active'),
('黃五', '0955017905', 'Clerk', 'Active'),
('洪怡', '0981457973', 'Manager', 'Active'),
('張欣', '0964464628', 'Manager', 'Active'),
('張麗', '0926930159', 'Manager', 'Active'),
('許三', '0985899520', 'Manager', 'Active'),
('洪偉', '0933352351', 'Manager', 'Active'),
('劉傑', '0959030124', 'Manager', 'Active'),
('劉華', '0951405709', 'Manager', 'Active'),
('黃敏', '0998693187', 'Manager', 'Left'),
('周芳', '0917884995', 'Manager', 'Left'),
('周麗', '0922669916', 'Manager', 'Left');

-- ============================================
-- CATEGORY - 書籍分類資料
-- ============================================
INSERT INTO CATEGORY (name) VALUES
('小說'),
('文學'),
('歷史'),
('科學'),
('商業'),
('心理學'),
('旅遊'),
('藝術'),
('哲學'),
('傳記'),
('教育'),
('科技');

-- ============================================
-- BOOK - 書籍基本資訊
-- ============================================
INSERT INTO BOOK (name, author, publisher, price) VALUES
('百年孤獨', '加西亞·馬奎斯', '久石文化', 712),
('1984', '喬治·歐威爾', '方智出版', 560),
('紅樓夢', '曹雪芹', '方智出版', 357),
('三體', '劉慈欣', '久石文化', 471),
('解憂雜貨店', '東野圭吾', '皇冠文化', 794),
('人類大歷史', '哈拉瑞', '商業周刊', 669),
('思考，快與慢', '丹尼爾·康納曼', '究竟出版', 405),
('原則', '瑞·達利歐', '麥田出版', 552),
('原子習慣', '詹姆斯·克利爾', '皇冠文化', 526),
('深度工作力', '卡爾·紐波特', '商業周刊', 769),
('被討厭的勇氣', '岸見一郎', '大塊文化', 762),
('烏合之眾', '古斯塔夫·勒龐', '遠流出版', 295),
('資本論', '卡爾·馬克思', '商業周刊', 663),
('論語', '孔子', '大塊文化', 424),
('孫子兵法', '孫武', '貓頭鷹出版', 467);

-- ============================================
-- MEMBER - 會員資料
-- ============================================
INSERT INTO MEMBER (name, level_id, admin_id, join_date, email, phone, balance, status) VALUES
('陳婷', 2, 7, '2025-07-26', '陳婷25@example.com', '0915783377', 3963, 'Inactive'),
('林四', 1, 6, '2025-11-17', '林四799@hotmail.com', '0921340899', 4998, 'Active'),
('李華', 3, 6, '2025-06-26', '李華37@hotmail.com', '0940584551', 3300, 'Inactive'),
('林建', 2, 1, '2025-11-23', '林建526@gmail.com', '0931264431', 535, 'Active'),
('謝軍', 2, 8, '2025-12-02', '謝軍452@hotmail.com', '0994275887', 1417, 'Active'),
('許建', 2, 1, '2025-01-16', '許建462@gmail.com', '0995352382', 2730, 'Active'),
('劉華', 1, 10, '2025-09-14', '劉華105@yahoo.com', '0987604123', 4810, 'Inactive'),
('洪怡', 1, 10, '2024-12-18', '洪怡631@gmail.com', '0915294098', 3402, 'Active'),
('蔡文', 1, 5, '2025-11-17', '蔡文640@example.com', '0983559064', 802, 'Active'),
('吳建', 2, 15, '2025-03-22', '吳建830@hotmail.com', '0972315761', 3572, 'Active'),
('楊靜', 2, 5, '2025-01-09', '楊靜827@hotmail.com', '0980571995', 2647, 'Inactive'),
('黃敏', 2, 4, '2025-09-13', '黃敏567@yahoo.com', '0925479552', 2715, 'Inactive'),
('蔡強', 2, 2, '2024-12-26', '蔡強79@hotmail.com', '0926166141', 1819, 'Inactive'),
('陳勇', 3, 7, '2025-10-31', '陳勇247@yahoo.com', '0995710951', 1089, 'Active'),
('劉五', 1, 11, '2025-07-30', '劉五889@yahoo.com', '0996500333', 589, 'Active');

-- ============================================
-- BOOK_CATEGORY - 書籍與分類關係
-- ============================================
INSERT INTO BOOK_CATEGORY (book_id, category_id) VALUES
(1, 12),
(2, 7),
(2, 3),
(2, 6),
(3, 7),
(3, 6),
(4, 6),
(5, 9),
(5, 1),
(5, 8),
(6, 5),
(6, 6),
(7, 12),
(7, 8),
(8, 3),
(8, 5),
(9, 1),
(10, 10),
(11, 4),
(11, 2),
(11, 7),
(12, 1),
(12, 2),
(12, 12),
(13, 2),
(14, 2),
(15, 8),
(15, 2),
(15, 10);

-- ============================================
-- BOOK_COPIES - 書籍複本資料
-- ============================================
INSERT INTO BOOK_COPIES (book_id, copies_serial, status, purchase_date, purchase_price, book_condition, rental_price) VALUES
(1, 1, 'Available', '2025-11-08', 247, 'Good', 24),
(1, 2, 'Lost', '2025-08-25', 245, 'Fair', 22),
(1, 3, 'Available', '2025-10-23', 299, 'Good', 29),
(2, 1, 'Borrowed', '2025-10-13', 238, 'Good', 23),
(2, 2, 'Available', '2025-08-05', 249, 'Fair', 22),
(3, 1, 'Borrowed', '2025-11-30', 319, 'Poor', 19),
(3, 2, 'Available', '2025-10-24', 448, 'Poor', 26),
(3, 3, 'Available', '2025-10-20', 397, 'Good', 39),
(4, 1, 'Available', '2025-11-02', 270, 'Good', 27),
(4, 2, 'Available', '2025-07-07', 281, 'Good', 28),
(4, 3, 'Borrowed', '2025-07-23', 336, 'Good', 33),
(5, 1, 'Borrowed', '2025-09-18', 248, 'Good', 24),
(5, 2, 'Lost', '2025-10-02', 281, 'Good', 28),
(5, 3, 'Available', '2025-10-25', 249, 'Poor', 14),
(6, 1, 'Available', '2025-06-27', 384, 'Good', 38),
(6, 2, 'Available', '2025-08-31', 403, 'Good', 40),
(6, 3, 'Borrowed', '2025-11-17', 319, 'Good', 31),
(7, 1, 'Borrowed', '2025-07-23', 306, 'Good', 30),
(7, 2, 'Lost', '2025-09-19', 275, 'Good', 27),
(8, 1, 'Borrowed', '2025-06-21', 381, 'Good', 38),
(8, 2, 'Available', '2025-09-14', 357, 'Fair', 32),
(9, 1, 'Available', '2025-06-19', 256, 'Good', 25),
(9, 2, 'Available', '2025-10-18', 274, 'Fair', 24),
(9, 3, 'Available', '2025-07-05', 210, 'Good', 21),
(10, 1, 'Borrowed', '2025-08-15', 279, 'Fair', 25),
(10, 2, 'Available', '2025-10-06', 272, 'Fair', 24),
(10, 3, 'Borrowed', '2025-10-28', 226, 'Good', 22),
(10, 4, 'Available', '2025-08-13', 267, 'Good', 26),
(11, 1, 'Available', '2025-12-02', 271, 'Fair', 24),
(11, 2, 'Available', '2025-07-22', 207, 'Good', 20),
(11, 3, 'Borrowed', '2025-11-11', 239, 'Good', 23),
(11, 4, 'Borrowed', '2025-10-22', 201, 'Good', 20),
(12, 1, 'Borrowed', '2025-11-23', 200, 'Good', 20),
(12, 2, 'Available', '2025-12-01', 211, 'Fair', 18),
(12, 3, 'Available', '2025-08-28', 217, 'Fair', 19),
(13, 1, 'Available', '2025-11-03', 447, 'Good', 44),
(13, 2, 'Lost', '2025-11-07', 414, 'Good', 41),
(13, 3, 'Available', '2025-09-11', 512, 'Good', 51),
(14, 1, 'Available', '2025-09-16', 140, 'Fair', 12),
(14, 2, 'Available', '2025-11-02', 170, 'Good', 17),
(14, 3, 'Available', '2025-10-09', 184, 'Good', 18),
(15, 1, 'Available', '2025-08-10', 187, 'Good', 18),
(15, 2, 'Borrowed', '2025-08-05', 161, 'Good', 16);

-- ============================================
-- BOOK_LOAN - 借閱交易資料
-- ============================================
INSERT INTO BOOK_LOAN (loan_id, admin_id, member_id, final_price) VALUES
(1, 11, 14, 0),
(2, 12, 2, 0),
(3, 12, 13, 0),
(4, 2, 12, 0),
(5, 10, 15, 0),
(6, 4, 12, 0),
(7, 5, 13, 0),
(8, 9, 4, 0),
(9, 7, 8, 0),
(10, 5, 2, 0),
(11, 3, 1, 0),
(12, 1, 1, 0);

-- ============================================
-- LOAN_RECORD - 借閱記錄詳情
-- ============================================
INSERT INTO LOAN_RECORD (loan_id, book_id, copies_serial, date_out, due_date, return_date, rental_fee, renew_cnt) VALUES
(1, 4, 2, '2025-06-20', '2025-07-04', '2025-11-12', 25, 1),
(1, 14, 3, '2025-09-29', '2025-10-13', NULL, 16, 0),
(2, 12, 1, '2025-07-11', '2025-08-10', '2025-11-15', 15, 1),
(3, 14, 2, '2025-10-04', '2025-10-18', '2025-11-25', 15, 1),
(3, 10, 1, '2025-11-21', '2025-12-05', NULL, 23, 0),
(4, 9, 3, '2025-08-17', '2025-08-31', '2025-11-23', 19, 1),
(5, 11, 2, '2025-09-11', '2025-09-25', '2025-11-11', 18, 1),
(5, 3, 1, '2025-10-17', '2025-10-31', NULL, 17, 0),
(6, 12, 3, '2025-11-08', '2025-12-08', '2025-11-18', 15, 1),
(6, 5, 2, '2025-06-13', '2025-07-13', NULL, 22, 0),
(6, 7, 1, '2025-09-10', '2025-10-10', '2025-11-06', 23, 0),
(7, 4, 3, '2025-07-13', '2025-07-27', NULL, 30, 0),
(8, 2, 2, '2025-07-22', '2025-08-21', NULL, 17, 0),
(8, 10, 4, '2025-07-24', '2025-08-23', '2025-11-27', 20, 0),
(9, 4, 3, '2025-07-02', '2025-07-16', '2025-11-10', 30, 0),
(9, 9, 2, '2025-07-21', '2025-08-04', NULL, 22, 0),
(9, 3, 3, '2025-10-21', '2025-11-04', NULL, 35, 0),
(10, 1, 2, '2025-08-18', '2025-09-01', '2025-11-09', 20, 0),
(11, 7, 1, '2025-10-25', '2025-11-01', NULL, 30, 0),
(11, 4, 3, '2025-08-29', '2025-09-05', '2025-11-18', 33, 0),
(11, 1, 3, '2025-06-10', '2025-06-17', '2025-11-27', 29, 0),
(12, 13, 3, '2025-08-20', '2025-09-03', '2025-12-05', 46, 0),
(12, 6, 3, '2025-08-19', '2025-09-02', '2025-11-18', 28, 0),
(12, 11, 4, '2025-06-10', '2025-06-24', '2025-11-19', 18, 1);

-- Update final prices in BOOK_LOAN
UPDATE BOOK_LOAN SET final_price = 41 WHERE loan_id = 1;
UPDATE BOOK_LOAN SET final_price = 15 WHERE loan_id = 2;
UPDATE BOOK_LOAN SET final_price = 38 WHERE loan_id = 3;
UPDATE BOOK_LOAN SET final_price = 19 WHERE loan_id = 4;
UPDATE BOOK_LOAN SET final_price = 35 WHERE loan_id = 5;
UPDATE BOOK_LOAN SET final_price = 60 WHERE loan_id = 6;
UPDATE BOOK_LOAN SET final_price = 30 WHERE loan_id = 7;
UPDATE BOOK_LOAN SET final_price = 37 WHERE loan_id = 8;
UPDATE BOOK_LOAN SET final_price = 87 WHERE loan_id = 9;
UPDATE BOOK_LOAN SET final_price = 20 WHERE loan_id = 10;
UPDATE BOOK_LOAN SET final_price = 92 WHERE loan_id = 11;
UPDATE BOOK_LOAN SET final_price = 92 WHERE loan_id = 12;

-- ============================================
-- RESERVATION - 預約記錄
-- ============================================
INSERT INTO RESERVATION (reservation_id, member_id, reserve_date, pickup_date, status) VALUES
(1, 12, '2025-09-16', NULL, 'Active'),
(2, 9, '2025-10-17', NULL, 'Cancelled'),
(3, 1, '2025-11-08', NULL, 'Active'),
(4, 5, '2025-11-17', NULL, 'Cancelled'),
(5, 13, '2025-09-12', '2025-11-25', 'Fulfilled'),
(6, 9, '2025-11-27', NULL, 'Active'),
(7, 7, '2025-12-02', NULL, 'Active'),
(8, 4, '2025-11-07', '2025-11-07', 'Fulfilled'),
(9, 13, '2025-10-29', NULL, 'Active'),
(10, 10, '2025-11-15', NULL, 'Active'),
(11, 1, '2025-11-15', '2025-11-15', 'Fulfilled'),
(12, 9, '2025-09-11', '2025-10-11', 'Fulfilled');

-- ============================================
-- RESERVATION_RECORD - 預約與書籍關係
-- ============================================
INSERT INTO RESERVATION_RECORD (reservation_id, book_id) VALUES
(1, 14),
(1, 5),
(2, 9),
(2, 1),
(3, 2),
(3, 7),
(4, 9),
(4, 12),
(4, 15),
(5, 5),
(5, 6),
(6, 11),
(6, 13),
(7, 12),
(8, 14),
(8, 9),
(8, 13),
(9, 1),
(9, 13),
(9, 3),
(10, 12),
(10, 11),
(11, 9),
(12, 3),
(12, 9);

-- ============================================
-- ADD_FEE - 額外費用
-- ============================================
INSERT INTO ADD_FEE (loan_id, book_id, copies_serial, type, amount, date) VALUES
(1, 4, 2, 'renew', 10, '2025-11-12'),
(1, 4, 2, 'overdue', 1310, '2025-11-12'),
(2, 12, 1, 'overdue', 970, '2025-11-15'),
(3, 14, 2, 'overdue', 380, '2025-11-25'),
(4, 9, 3, 'damage_good_to_poor', 84, '2025-11-23'),
(5, 11, 2, 'renew', 10, '2025-11-11'),
(8, 10, 4, 'damage_good_to_fair', 26, '2025-11-27'),
(9, 4, 3, 'overdue', 1170, '2025-11-10'),
(11, 4, 3, 'overdue', 740, '2025-11-18'),
(11, 1, 3, 'overdue', 1630, '2025-11-27'),
(12, 11, 4, 'renew', 10, '2025-11-19');

COMMIT;

-- ============================================
-- 資料統計
-- ============================================
-- 執行完成後，可以使用以下查詢檢查資料：
-- SELECT 'ADMIN' as table_name, COUNT(*) as count FROM ADMIN
-- UNION ALL
-- SELECT 'MEMBER', COUNT(*) FROM MEMBER
-- UNION ALL
-- SELECT 'BOOK', COUNT(*) FROM BOOK
-- UNION ALL
-- SELECT 'BOOK_COPIES', COUNT(*) FROM BOOK_COPIES
-- UNION ALL
-- SELECT 'BOOK_LOAN', COUNT(*) FROM BOOK_LOAN
-- UNION ALL
-- SELECT 'LOAN_RECORD', COUNT(*) FROM LOAN_RECORD
-- UNION ALL
-- SELECT 'RESERVATION', COUNT(*) FROM RESERVATION
-- UNION ALL
-- SELECT 'ADD_FEE', COUNT(*) FROM ADD_FEE;
